Velocity,Habitat
0.711700022,available
0.764599979,available
0.87349999,available
1.088600039,available
1.088600039,available
1.235599995,available
1.369600058,available
1.533599973,available
1.752900004,available
1.696699977,available
1.146800041,available
1.146000028,available
1.264899969,available
1.432199955,available
1.443500042,available
1.480900049,available
1.419100046,available
1.280300021,available
1.209699988,available
0.956200004,available
0.852800012,available
1.030099988,available
0.936699986,available
0.349099994,available
0.245800003,available
NA,available
NA,available
NA,available
0.317400008,available
0.7403,available
0.823899984,available
0.846099973,available
0.886600018,available
0.776199996,available
0.63380003,available
0.487800002,available
0.387600005,available
0.279399991,available
0.0788,available
0.0788,available
NA,available
0.814499974,available
1.055799961,available
1.010800004,available
1.332700014,available
0.862500012,available
1.399799943,available
1.621099949,available
1.73119998,available
1.975299954,available
1.849599957,available
1.836500049,available
1.753000021,available
1.564599991,available
1.192700028,available
0.878700018,available
0.863200009,available
0.237900004,available
NA,available
0.044,available
0.096500002,available
0.109300002,available
0.272300005,available
0.430599988,available
0.56370002,available
0.638300002,available
0.66960001,available
0.702099979,available
0.702600002,available
0.738799989,available
0.805700004,available
0.885100007,available
0.967800021,available
1.034700036,available
1.040599942,available
1.047099948,available
1.055999994,available
1.061699986,available
1.190400004,available
1.221600056,available
1.189299941,available
1.29460001,available
1.342599988,available
1.252900004,available
1.277999997,available
1.469099998,available
1.451200008,available
1.32099998,available
1.092499971,available
1.155799985,available
1.311200023,available
1.235599995,available
1.194200039,available
1.074599981,available
1.157899976,available
1.201799989,available
0.799199998,available
0.369800001,available
0.195299998,available
0.239199996,available
0.196600005,available
NA,available
NA,available
NA,available
NA,available
NA,available
NA,available
NA,available
NA,available
NA,available
NA,available
NA,available
NA,available
NA,available
0.165700004,available
0.091899998,available
0.300199986,available
0.302899987,available
0.199100003,available
0.053100001,available
0.085299999,available
0.215900004,available
0.452600002,available
0.733399987,available
0.608099997,available
0.736400008,available
0.867699981,available
0.79460001,available
0.679899991,available
0.578700006,available
0.424299985,available
0.266600013,available
0.075599998,available
NA,available
0.265199989,available
0.4648,available
0.490399987,available
0.377600014,available
0.663299978,available
0.959599972,available
1.088999987,available
1.336099982,available
1.414499998,available
1.34920001,available
1.499300003,available
1.815899968,available
1.910400033,available
1.910400033,available
1.835600019,available
1.707700014,available
1.177899957,available
0.618700027,available
0.164299995,available
NA,available
NA,available
0.1734,available
0.341500014,available
0.577099979,available
0.771399975,available
0.922100008,available
1.086400032,available
1.24909997,available
1.308799982,available
1.357599974,available
1.323799968,available
1.323799968,available
1.204900026,available
1.063500047,available
0.894999981,available
0.184200004,available
0.561200023,available
0.561200023,available
0.430799991,available
1.087700009,available
1.239799976,available
1.491000056,available
1.735499978,available
1.625200033,available
1.625200033,available
1.417700052,available
0.267100006,available
1.174000025,available
1.518300056,available
1.351899982,available
1.157199979,available
0.836700022,available
0.576399982,available
0.832499981,available
NA,available
0.169,available
0.340700001,available
0.979700029,available
1.467800021,available
1.585700035,available
1.775500059,available
2.095999956,available
2.241400003,available
2.349600077,available
2.349600077,available
2.410900116,available
2.432800055,available
2.34190011,available
1.902400017,available
1.668300033,available
2.346400023,available
2.003900051,available
NA,available
NA,available
NA,available
0.168200001,available
0.289000005,available
0.4921,available
0.915899992,available
1.174700022,available
1.361400008,available
1.49240005,available
1.530300021,available
1.437999964,available
1.137400031,available
0.840699971,available
0.253300011,available
0.253300011,available
0.036600001,available
0.138699993,available
0.2764,available
0.296400011,available
0.248899996,available
0.170300007,available
0.0858,available
0.054499999,available
0.126699999,available
0.30430001,available
0.532899976,available
0.839999974,available
1.154099941,available
1.370900035,available
1.378900051,available
1.273300052,available
1.211300015,available
0.993700027,available
1.01730001,available
1.015300035,available
0.720899999,available
0.271100014,available
0.271100014,available
0.0218,available
0.430799991,available
0.827499986,available
1.334699988,available
1.438899994,available
1.447100043,available
1.242599964,available
1.076500058,available
0.916100025,available
0.830200016,available
0.926999986,available
0.922299981,available
0.795400023,available
0.750899971,available
0.879999995,available
0.907100022,available
0.645900011,available
0.645900011,available
0.318599999,available
0.076300003,available
0.105899997,available
0.1206,available
NA,available
0.352999985,available
0.677699983,available
0.855099976,available
1.043300033,available
1.201699972,available
1.28579998,available
1.323899984,available
1.292199969,available
1.130200028,available
0.930800021,available
0.737999976,available
0.537800014,available
0.340999991,available
0.157600001,available
0.1215,available
NA,available
NA,available
NA,available
NA,available
0.36680001,available
1.111400008,available
1.50090003,available
1.888299942,available
1.888299942,available
2.000799894,available
1.79519999,available
1.51970005,available
0.581900001,available
0.581900001,available
NA,available
NA,available
0.654799998,available
0.498199999,available
0.280400008,available
0.135199994,available
0.624300003,available
1.078699946,available
1.534600019,available
1.80340004,available
1.742799997,available
1.432899952,available
0.53609997,available
0.060899999,available
NA,available
NA,available
NA,available
0.448599994,available
0.448599994,available
0.131500006,available
0.104999997,available
0.61619997,available
0.95630002,available
1.209599972,available
1.449699998,available
1.600399971,available
1.544999957,available
1.260400057,available
0.624599993,available
0.624599993,available
0.624599993,available
0.251100004,available
0.922500014,available
1.588799953,available
1.952299953,available
2.361700058,available
2.246000052,available
2.156100035,available
2.239900112,available
2.363600016,available
1.903300047,available
1.79369998,available
1.190299988,available
0.993099988,available
0.294699997,available
0.235100001,available
0.235100001,available
0.200499997,available
0.395300001,available
0.690100014,available
0.814599991,available
1.068600059,available
1.112800002,available
1.208299994,available
1.223899961,available
1.271499991,available
1.319800019,available
1.37559998,available
1.450399995,available
1.425099969,available
1.350700021,available
1.350700021,available
1.270200014,available
1.293200016,available
0.943000019,available
0.698400021,available
0.698400021,available
0.153099999,available
0.547299981,available
0.778800011,available
0.886500001,available
1.252300024,available
1.371000052,available
1.405400038,available
1.405400038,available
1.341300011,available
1.257400036,available
0.986500025,available
0.875,available
0.557600021,available
0.557600021,available
NA,available
0.086400002,available
0.238499999,available
0.1602,available
0.811399996,available
0.811399996,available
1.419499993,available
1.792199969,available
1.85710001,available
1.960899949,available
1.730900049,available
1.492599964,available
0.471899986,available
0.023800001,available
NA,available
1.630599976,available
1.770799994,available
1.546000004,available
1.340600014,available
1.149299979,available
1.149299979,available
0.90109998,available
0.555199981,available
0.414200008,available
0.189099997,available
0.0029,available
0.204300001,available
0.417499989,available
0.806500018,available
0.890399992,available
1.048099995,available
1.260400057,available
1.438699961,available
1.486600041,available
1.486600041,available
1.298099995,available
1.030500054,available
0.770500004,available
0.070900001,available
NA,available
NA,available
NA,available
0.366100013,available
0.229900002,available
0.369300008,available
0.56190002,available
0.871399999,available
1.102499962,available
1.478299975,available
1.620300055,available
1.551900029,available
1.542600036,available
1.268399954,available
0.446200013,available
0.446200013,available
NA,available
1.056599975,available
1.056599975,available
1.418499947,available
1.670099974,available
1.913499951,available
2.036499977,available
1.9648,available
1.755599976,available
NA,available
0.419499993,available
0.419499993,available
0.486699998,available
0.837800026,available
0.853999972,available
1.040199995,available
1.35769999,available
1.417199969,available
1.556699991,available
1.546300054,available
1.65170002,available
0.938899994,available
0.333999991,available
0.333999991,available
NA,available
0.075099997,available
0.229000002,available
0.602100015,available
0.935400009,available
1.155900002,available
1.310799956,available
1.352300048,available
1.293799996,available
1.118299961,available
0.912899971,available
0.708100021,available
0.46450001,available
0.353799999,available
NA,available
NA,available
NA,available
0.102399997,available
0.30219999,available
0.610499978,available
0.83890003,available
1.147899985,available
1.213700056,available
1.262599945,available
1.290099978,available
1.279899955,available
1.207299948,available
1.207299948,available
1.051200032,available
0.854799986,available
0.60619998,available
0.563399971,available
NA,available
NA,available
0.442799985,available
0.633599997,available
0.974300027,available
1.568099976,available
1.854300022,available
1.979099989,available
2.014300108,available
2.031100035,available
1.974699974,available
1.549399972,available
1.549399972,available
1.144199967,available
0.481099993,available
0.297199994,available
0.253300011,available
0.253300011,available
0.756200016,available
0.819100022,available
0.946699977,available
1.230800033,available
1.238100052,available
1.182999969,available
1.039800048,available
0.753799975,available
0.753799975,available
0.388700008,available
0.047400001,available
NA,available
0.0008,available
0.301800013,available
0.531499982,available
0.7421,available
1.039100051,available
1.203799963,available
1.224599957,available
1.178799987,available
0.985400021,available
0.985400021,available
0.588100016,available
0.075999998,available
0.095600002,available
0.133699998,available
0.089299999,available
1.217700005,available
0.701399982,available
0.583199978,available
0.521600008,available
0.572300017,available
0.676800013,available
0.745400012,available
0.782299995,available
0.818199992,available
0.778100014,available
0.746200025,available
0.760100007,available
0.81099999,available
0.939999998,available
1.585100055,available
NA,available
NA,available
0.316700011,available
0.828100026,available
0.684000015,available
0.686399996,available
0.768000007,available
0.844500005,available
0.907899976,available
0.904799998,available
0.881900012,available
1.000200033,available
0.995599985,available
1.029899955,available
0.998399973,available
0.989799976,available
1.02579999,available
0.965600014,available
0.979499996,available
0.924399972,available
0.893400013,available
0.51819998,available
0.51819998,available
NA,available
0.354400009,available
0.686600029,available
0.4912,available
0.560000002,available
0.854900002,available
0.964699984,available
1.10619998,available
1.10619998,available
1.055600047,available
0.895099998,available
0.806299984,available
0.601000011,available
0.315800011,available
0.055100001,available
0.055100001,available
0.205400005,available
0.341300011,available
0.375400007,available
0.68809998,available
0.882099986,available
0.859499991,available
0.903400004,available
0.913600028,available
0.984700024,available
0.980099976,available
0.996200025,available
0.954699993,available
0.87470001,available
0.797500014,available
0.707700014,available
0.653299987,available
0.601800025,available
0.575600028,available
0.486600012,available
0.265899986,available
NA,available
NA,available
1.137300015,available
1.189200044,available
1.301599979,available
1.431499958,available
1.531499982,available
1.79489994,available
1.789800048,available
1.906499982,available
2.046999931,available
1.608399987,available
1.297500014,available
1.375499964,available
0.718200028,available
0.376399994,available
NA,available
NA,available
0.173199996,available
0.888999999,available
1.546000004,available
1.105999947,available
1.292600036,available
1.359899998,available
1.340999961,available
1.456099987,available
1.362800002,available
1.162799954,available
1.007400036,available
0.728500009,available
0.314300001,available
NA,available
NA,available
0.653599977,available
0.579900026,available
0.990999997,available
1.175899982,available
1.397500038,available
1.572999954,available
1.615800023,available
1.577900052,available
1.495900035,available
1.353700042,available
1.039499998,available
0.924399972,available
0.924399972,available
0.463999987,available
0.463999987,available
0.8125,available
0.760699987,available
0.667999983,available
0.662699997,available
0.699400008,available
0.461899996,available
0.461899996,available
NA,available
NA,available
0.843699992,available
0.67110002,available
1.033900023,available
1.100700021,available
1.145900011,available
1.150400043,available
1.102499962,available
1.004999995,available
0.958199978,available
0.855000019,available
0.74940002,available
0.662800014,available
0.710799992,available
1.222300053,available
NA,available
0.275599986,available
0.275599986,available
0.381300002,available
0.497999996,available
0.520699978,available
0.533599973,available
0.6153,available
0.694500029,available
1.050600052,available
1.361700058,available
1.646600008,available
1.553500056,available
1.244099975,available
1.244099975,available
1.003900051,available
NA,available
0.998399973,available
0.565900028,available
0.461699992,available
0.545700014,available
0.635399997,available
0.755900025,available
0.860499978,available
0.975799978,available
0.975799978,available
1.10650003,available
1.136199951,available
0.889500022,available
0.762799978,available
0.726300001,available
NA,available
NA,available
1.344599962,available
0.717700005,available
0.591400027,available
0.531499982,available
0.590900004,available
0.674099982,available
0.737699986,available
0.785899997,available
0.811200023,available
0.885800004,available
0.86589998,available
0.893400013,available
0.898899972,available
1.707900047,available
NA,available
NA,available
1.427600026,available
0.918500006,available
0.912999988,available
0.927399993,available
0.957199991,available
0.922800004,available
0.904900014,available
0.902999997,available
0.940699995,available
0.993700027,available
0.993700027,available
2.816299915,available
2.17779994,available
2.076999903,available
1.944200039,available
1.887500048,available
1.508900046,available
1.18780005,available
0.89380002,available
0.741699994,available
0.718200028,available
1.339699984,available
NA,available
NA,available
NA,available
0.412400007,available
0.910300016,available
1.252099991,available
1.246500015,available
1.301800013,available
1.377500057,available
1.387199998,available
1.478899956,available
1.610999942,available
1.489400029,available
1.822399974,available
2.328000069,available
1.849300027,available
1.620100021,available
0.815800011,available
NA,available
1.02699995,available
0.623399973,available
0.443699986,available
0.473399997,available
0.502300024,available
0.578199983,available
0.64289999,available
0.721899986,available
0.756200016,available
0.778100014,available
0.821399987,available
0.858900011,available
0.806299984,available
0.667699993,available
0.585600019,available
0.585600019,available
0.503099978,available
0.413599998,available
0.1998,available
0.1347,available
NA,available
NA,available
0.407900006,available
0.708400011,available
0.540000021,available
0.552299976,available
0.635699987,available
0.692399979,available
0.787199974,available
0.825699985,available
0.873399973,available
0.838699996,available
0.773199975,available
0.630400002,available
0.630400002,available
0.825100005,available
NA,available
NA,available
0.521000028,available
0.659600019,available
1.140900016,available
1.22329998,available
0.959599972,available
1.139099956,available
1.502699971,available
1.572199941,available
1.822299957,available
1.897799969,available
1.737699986,available
1.746899962,available
1.655699968,available
1.488999963,available
1.323500037,available
1.323500037,available
1.240800023,available
0.695299983,available
NA,available
1.829900026,available
1.1954,available
1.245800018,available
1.40260005,available
1.53670001,available
1.568500042,available
1.668599963,available
1.569399953,available
1.49000001,available
1.536200047,available
1.406900048,available
1.263499975,available
1.139999986,available
1.061800003,available
1.070600033,available
NA,available
NA,available
0.479900002,available
1.09800005,available
0.832099974,available
0.727999985,available
0.773800015,available
0.809700012,available
0.764400005,available
0.682600021,available
0.589100003,available
0.54610002,available
0.611400008,available
0.735400021,available
1.268000007,available
NA,available
NA,available
1.268000007,available
0.735400021,available
0.611400008,available
0.54610002,available
0.589100003,available
0.60619998,available
0.525900006,available
0.645600021,available
0.773500025,available
0.870800018,available
0.938899994,available
0.985400021,available
1.013800025,available
1.025099993,available
1.020900011,available
0.998700023,available
0.977699995,available
0.955200016,available
0.924799979,available
0.887600005,available
NA,available
NA,available
0.325899988,available
0.634199977,available
0.317299992,available
0.316399992,available
0.369899988,available
0.457399994,available
0.584599972,available
0.584599972,available
0.691500008,available
1.008599997,available
1.218299985,available
1.256800056,available
1.014500022,available
0.781400025,available
0.697799981,available
0.738900006,available
0.110100001,available
0.833500028,available
0.912100017,available
0.912100017,available
0.880100012,available
0.880999982,available
0.951200008,available
1.047600031,available
1.177399993,available
1.217300057,available
1.295799971,available
1.246500015,available
1.132099986,available
0.952799976,available
0.835500002,available
0.741699994,available
NA,available
NA,available
NA,available
0,available
0,available
1.00E-04,available
0.0002,available
0.0005,available
0.0011,available
0.0047,available
0.0059,available
0.032900002,available
NA,available
0.348399997,available
0.70599997,available
0.897899985,available
1.133399963,available
1.245000005,available
1.358399987,available
1.370499969,available
1.309100032,available
1.146900058,available
1.146900058,available
1.131399989,available
0.948800027,available
0.879000008,available
0.813899994,available
NA,available
NA,available
0.377799988,available
1.911200047,available
0.789600015,available
0.717800021,available
0.861599982,available
0.976700008,available
1.159000039,available
1.297600031,available
1.283900023,available
1.225499988,available
1.214300036,available
1.233199954,available
1.806800008,available
NA,available
NA,available
0.169,available
0.356700003,available
0.367799997,available
0.564899981,available
1.014000058,available
1.347800016,available
1.056900024,available
0.953700006,available
0.874100029,available
0.987200022,available
1.037799954,available
1.037500024,available
1.011600018,available
0.973500013,available
0.881200016,available
0.81129998,available
0.689599991,available
0.611899972,available
0.611899972,available
NA,available
0.274199992,available
0.34040001,available
0.513499975,available
0.629299998,available
0.709599972,available
0.786499977,available
0.863900006,available
0.895200014,available
0.848999977,available
0.803600013,available
0.88319999,available
0.867999971,available
0.827600002,available
0.799099982,available
0.796400011,available
0.756500006,available
0.675999999,available
0.575600028,available
0.463,available
0.38440001,available
0.425399989,available
0.58890003,available
NA,available
NA,available
1.285599947,available
0.950399995,available
1.140900016,available
1.347900033,available
1.569300056,available
1.497400045,available
1.232900023,available
1.021199942,available
1.033599973,available
0.973800004,available
0.862999976,available
1.002699971,available
1.20570004,available
1.294800043,available
1.41050005,available
NA,available
NA,available
NA,available
1.444599986,available
1.384899974,available
1.334599972,available
1.273599982,available
1.569499969,available
2.176800013,available
1.860800028,available
1.458899975,available
1.859699965,available
1.612400055,available
1.350499988,available
1.180400014,available
0.961399972,available
0.74940002,available
0.74940002,available
1.849099994,available
NA,available
NA,available
0.687099993,available
0.652700007,available
1.108700037,available
1.594499946,available
1.81309998,available
1.603399992,available
1.555899978,available
1.486999989,available
1.455600023,available
1.291200042,available
1.002500057,available
0.833000004,available
0.465600014,available
0.465600014,available
0.833000004,available
1.002500057,available
1.002500057,available
0.425599992,available
0.828199983,available
0.841400027,available
0.947300017,available
1.034700036,available
1.005699992,available
1.010599971,available
1.019000053,available
0.953299999,available
0.855400026,available
0.731000006,available
0.731000006,available
0.774900019,available
NA,available
NA,available
NA,available
1.625800014,available
1.129799962,available
1.06280005,available
1.080500007,available
0.969799995,available
1.504500031,available
1.303300023,available
1.460199952,available
1.669399977,available
1.427600026,available
1.175699949,available
0.192000002,available
0.192000002,available
0.747099996,available
0.883899987,available
1.278599977,available
1.569200039,available
1.271800041,available
1.14349997,available
1.146199942,available
1.14349997,available
1.056200027,available
0.931400001,available
0.910399973,available
0.954699993,available
0.60710001,available
0.60710001,available
0.729300022,available
0.287499994,available
NA,available
NA,available
NA,available
NA,available
NA,available
NA,available
NA,available
NA,available
NA,available
NA,available
1.528399944,available
0.98360002,available
0.874899983,available
0.794799984,available
0.861000001,available
0.822700024,available
0.960900009,available
1.161999941,available
1.361199975,available
1.003299952,available
0.442099988,available
NA,available
NA,available
NA,available
1.002300024,available
1.118700027,available
0.941999972,available
1.271999955,available
1.281100035,available
1.164199948,available
1.088799953,available
1.019600034,available
0.886600018,available
0.776600003,available
0.675700009,available
0.649600029,available
0.592999995,available
0.559700012,available
0.677900016,available
1.242900014,available
1.242900014,available
0.41960001,available
0.276600003,available
0.261799991,available
0.415199995,available
0.776799977,available
0.874000013,available
0.945500016,available
1.005399942,available
1.162099957,available
1.162099957,available
1.090399981,available
1.025500059,available
1.086899996,available
1.252300024,available
1.581500053,available
1.270499945,available
1.023200035,available
1.113199949,available
1.080800056,available
0.662299991,available
0.930199981,available
NA,available
0.467200011,available
0.905900002,available
1.152400017,available
1.446400046,available
1.677399993,available
1.814800024,available
2.105400085,available
2.20359993,available
2.1881001,available
2.051700115,available
1.865499973,available
1.752500057,available
1.621199965,available
1.446799994,available
1.247099996,available
0.851499975,available
NA,available
0.032900002,available
0.117600001,available
0.467400014,available
0.850499988,available
1.167000055,available
1.35650003,available
1.565000057,available
1.660300016,available
1.663200021,available
1.613000035,available
1.540699959,available
1.332999945,available
0.997399986,available
0.541000009,available
0.32190001,available
0.165299997,available
0.0319,available
0.0319,available
0.487500012,available
0.487500012,available
1.425400019,available
1.788800001,available
1.885100007,available
2.042599916,available
1.996199965,available
1.903699994,available
1.799399972,available
1.297199965,available
1.980999947,available
2.436700106,available
2.212800026,available
1.792400002,available
1.218799949,available
0.931999981,available
0.782299995,available
0.6778,available
NA,available
0.110799998,available
0.934199989,available
1.199399948,available
1.476400018,available
1.933500052,available
1.943600059,available
1.943600059,available
1.728800058,available
1.376000047,available
1.078999996,available
0.78549999,available
0.309100002,available
0.483999997,available
0.760800004,available
0.336800009,available
0.361400008,available
0.427899987,available
NA,available
0.063299999,available
0.128199995,available
0.065399997,available
0.350400001,available
1.109599948,available
1.238299966,available
1.280099988,available
1.443600059,available
1.443600059,available
1.625200033,available
1.658900023,available
1.592800021,available
1.480900049,available
1.500499964,available
1.415099978,available
1.337599993,available
1.141499996,available
1.048599958,available
0.824199975,available
0.639500022,available
NA,available
NA,available
0.038899999,available
0.088299997,available
0.076399997,available
0.0059,available
0.265700012,available
0.590499997,available
0.852900028,available
1.068099976,available
1.107900023,available
1.167299986,available
1.129899979,available
1.032600045,available
0.868499994,available
0.868499994,available
0.636200011,available
0.412499994,available
0.257699996,available
NA,available
NA,available
0.807699978,available
1.208199978,available
1.366600037,available
1.434700012,available
1.514099956,available
1.49969995,available
1.505100012,available
1.36469996,available
1.149199963,available
0.844799995,available
0.589999974,available
NA,available
NA,available
0.45629999,available
0.564400017,available
1.145499945,available
1.150900006,available
0.9472,available
0.936200023,available
1.131199956,available
1.207999945,available
1.52489996,available
1.503900051,available
1.584900022,available
1.595999956,available
1.578500032,available
1.503100038,available
1.265200019,available
0.484400004,available
NA,available
0.521600008,available
0.305799991,available
0.353599995,available
0.934700012,available
1.32249999,available
1.421700001,available
1.537899971,available
1.81190002,available
1.7579,available
1.966199994,available
1.952900052,available
1.765499949,available
1.765499949,available
1.323600054,available
0.752799988,available
0.339399993,available
NA,available
NA,available
0.565699995,available
1.0546,available
1.304800034,available
1.562100053,available
1.664999962,available
1.733100057,available
1.733100057,available
1.676100016,available
1.543099999,available
1.255499959,available
0.995599985,available
0.165199995,available
0.165199995,available
0.109700002,available
0.662800014,available
0.662800014,available
0.982800007,available
1.162299991,available
1.300199986,available
1.426100016,available
1.533499956,available
1.489599943,available
1.538400054,available
1.503900051,available
1.530099988,available
1.401499987,available
1.29400003,available
1.068400025,available
1.068400025,available
NA,available
NA,available
1.680099964,available
1.566699982,available
1.386899948,available
1.093899965,available
0.904699981,available
0.730000019,available
0.192200005,available
NA,available
0.569000006,available
0.886300027,available
1.205600023,available
1.205600023,available
1.381299973,available
1.526499987,available
1.546499968,available
1.638499975,available
1.638499975,available
1.609899998,available
1.46449995,available
1.431900024,available
1.135699987,available
0.954100013,available
0.844699979,available
0.538800001,available
0.337500006,available
0.133399993,available
NA,available
0.054000001,available
0.043299999,available
0.283899993,available
0.958299994,available
1.254400015,available
1.521199942,available
1.521199942,available
1.610100031,available
1.717399955,available
1.204200029,available
1.314900041,available
1.365300059,available
1.395900011,available
1.411999941,available
1.376299977,available
1.348999977,available
1.21239996,available
1.195500016,available
0.983799994,available
0.851999998,available
NA,available
NA,available
NA,available
NA,available
1.108800054,available
0.42019999,available
1.152899981,available
1.736400008,available
1.690299988,available
1.776800036,available
1.748800039,available
1.755200028,available
1.693199992,available
1.687999964,available
1.616099954,available
1.225399971,available
0.974799991,available
0.589699984,available
0.532100022,available
0.369199991,available
NA,available
0.437299997,available
1.123900056,available
1.505699992,available
1.609099984,available
1.735999942,available
1.703999996,available
1.69780004,available
1.55490005,available
1.503399968,available
1.300699949,available
0.823199987,available
0.429500014,available
0.081799999,available
0.145799994,available
0.072499998,available
0.072499998,available
NA,available
0.672200024,available
0.829999983,available
0.829999983,available
1.110800028,available
1.436200023,available
1.610499978,available
1.610499978,available
1.616299987,available
1.505599976,available
1.503999949,available
1.411499977,available
1.036200047,available
0.740999997,available
0.670799971,available
0.0286,available
0.0265,available
0.487399995,available
0.563399971,available
0.574299991,available
0.677699983,available
0.770600021,available
0.750800014,available
0.777800024,available
0.798099995,available
0.776899993,available
0.776899993,available
0.801999986,available
0.80430001,available
0.832700014,available
0.846300006,available
0.995700002,available
1.119199991,available
1.171000004,available
1.21329999,available
1.233100057,available
1.309200048,available
1.335899949,available
1.287799954,available
1.202399969,available
1.105800033,available
0.942499995,available
0.787299991,available
0.142800003,available
NA,available
NA,available
0.142000005,available
0.306400001,available
0.557299972,available
0.818799973,available
0.886500001,available
1.050400019,available
1.221600056,available
1.182600021,available
1.208600044,available
1.158400059,available
1.23969996,available
1.211799979,available
1.236199975,available
1.095900059,available
0.973100007,available
0.986400008,available
0.76730001,available
0.470899999,available
0.439799994,available
0.524500012,available
0.528800011,available
0.528800011,available
0.580799997,available
0.503899992,available
0.226199999,available
NA,available
NA,available
0.070200004,available
0.192900002,available
0.38499999,available
0.604700029,available
0.889400005,available
1.146100044,available
1.172500014,available
1.203199983,available
1.227599978,available
1.217599988,available
1.194800019,available
1.15139997,available
1.04400003,available
0.920099974,available
0.653699994,available
0.450700015,available
0.2289,available
0.2289,available
NA,available
NA,available
0.607299984,available
0.739199996,available
0.401199996,available
0.71359998,available
0.584500015,available
0.260100007,available
1.164700031,available
1.188199997,available
1.252799988,available
1.187299967,available
1.512899995,available
1.463999987,available
1.556100011,available
1.468299985,available
1.553599954,available
1.604099989,available
1.614500046,available
1.409800053,available
1.272899985,available
1.072000027,available
0.755699992,available
0.755699992,available
NA,available
0.264600009,available
0.358099997,available
0.389299989,available
0.425099999,available
0.499599993,available
0.612699986,available
0.552399993,available
0.184300005,available
0.184300005,available
0.073600002,available
NA,available
NA,available
0.209299996,available
0.584500015,available
0.673500001,available
1.053799987,available
1.053799987,available
1.069499969,available
1.083699942,available
1.078699946,available
1.227699995,available
1.271399975,available
1.18809998,available
1.11740005,available
0.983099997,available
0.823899984,available
0.322899997,available
NA,available
NA,available
0.92750001,available
0.92750001,available
0.606700003,available
0.604499996,available
0.691200018,available
0.76849997,available
0.914300025,available
0.970499992,available
0.996100008,available
1.118800044,available
1.276299953,available
1.274500012,available
1.159199953,available
1.131399989,available
1.231999993,available
1.054700017,available
1.233299971,available
1.233299971,available
0.399300009,available
0.399300009,available
0.675499976,available
0.783800006,available
0.879400015,available
0.879400015,available
0.900600016,available
0.902100027,available
0.902100027,available
0.859000027,available
0.736599982,available
0.706099987,available
0.685000002,available
0.425900012,available
NA,available
NA,available
0.678499997,available
1.405799985,available
1.246799946,available
1.484799981,available
1.460299969,available
1.460299969,available
1.633599997,available
1.514600039,available
1.291800022,available
0.915700018,available
0.915700018,available
0.864300013,available
0.32949999,available
NA,available
NA,available
NA,available
1.168400049,available
0.990199983,available
1.237699986,available
1.292299986,available
1.243399978,available
1.218299985,available
1.060099959,available
1.060099959,available
0.832799971,available
0.682600021,available
0.677299976,available
0.545099974,available
NA,available
NA,available
1.113100052,available
1.031499982,available
1.050199986,available
1.119400024,available
1.119400024,available
1.099400043,available
0.954599977,available
0.717899978,available
0.570200026,available
0.521700025,available
0.565599978,available
0.253199995,available
NA,available
0.612699986,available
1.219300032,available
1.219300032,available
1.593600035,available
1.687000036,available
2.249000072,available
2.023400068,available
1.832800031,available
1.989099979,available
2.077899933,available
1.940999985,available
1.738000035,available
1.829399943,available
1.843500018,available
1.647699952,available
1.373100042,available
1.13380003,available
0.824899971,available
0.6972,available
0.286799997,available
NA,available
1.303599954,available
1.426200032,available
1.068500042,available
NA,available
1.415300012,available
0.908399999,available
0.939199984,available
0.975199997,available
1.095199943,available
1.127099991,available
1.209100008,available
1.246299982,available
1.220000029,available
1.151000023,available
1.120700002,available
1.044999957,available
1.112599969,available
0.45629999,available
2.063999891,available
1.412999988,available
1.04519999,available
1.008700013,available
1.402899981,available
1.879099965,available
1.749899983,available
1.810400009,available
2.479799986,available
NA,available
NA,available
1.789199948,available
1.648100019,available
1.631000042,available
1.826099992,available
1.701300025,available
1.383299947,available
1.328799963,available
1.42019999,available
1.77760005,available
2.701400042,available
2.701400042,available
NA,available
0.343199998,available
0.799099982,available
0.597599983,available
0.662599981,available
0.728799999,available
0.820500016,available
0.9199,available
1.043300033,available
0.977900028,available
0.943599999,available
0.830299973,available
0.72420001,available
0.720499992,available
0.720499992,available
0.670400023,available
0.603399992,available
0.615100026,available
NA,available
NA,available
NA,available
1.425600052,available
1.121099949,available
1.03429997,available
0.971199989,available
0.962400019,available
0.940500021,available
0.893700004,available
0.806500018,available
0.772800028,available
0.689199984,available
0.750699997,available
0.934199989,available
1.810899973,available
1.810899973,available
NA,available
0.496899992,available
1.406100035,available
1.414199948,available
1.598799944,available
1.460000038,available
1.355000019,available
1.415099978,available
1.43599999,available
1.438699961,available
1.309100032,available
1.16779995,available
1.087000012,available
1.126199961,available
1.356099963,available
1.232200027,available
NA,available
NA,available
1.303799987,available
1.640400052,available
1.680199981,available
1.649600029,available
1.393599987,available
1.566799998,available
1.674000025,available
1.674000025,available
1.878100038,available
1.853800058,available
2.014100075,available
1.797700047,available
1.789000034,available
1.336599946,available
0.412200004,available
0.412200004,available
NA,available
1.477300048,available
0.948199987,available
0.872300029,available
0.828400016,available
0.775300026,available
0.746200025,available
0.669799984,available
0.663800001,available
0.650099993,available
0.671500027,available
0.636900008,available
0.599600017,available
0.639400005,available
0.614300013,available
NA,available
NA,available
0.554099977,available
1.081400037,available
1.030300021,available
0.992399991,available
0.975099981,available
0.954999983,available
0.80430001,available
0.80430001,available
0.705299973,available
0.582300007,available
0.493400007,available
0.371899992,available
0.281800002,available
0.059900001,available
NA,available
0.524800003,available
1.101199985,available
0.888400018,available
0.868200004,available
0.960300028,available
1.043499947,available
1.116700053,available
1.105000019,available
1.031100035,available
0.866999984,available
0.704599977,available
0.64319998,available
0.591799974,available
0.467000008,available
NA,available
NA,available
0.340200007,available
0.4208,available
0.416000009,available
0.411900014,available
0.430700004,available
0.550899982,available
0.597199976,available
0.593500018,available
0.640699983,available
0.663600028,available
0.679799974,available
0.710399985,available
0.726899981,available
0.732299984,available
0.740800023,available
0.70480001,available
0.676100016,available
2.428299904,available
2.428299904,available
NA,available
1.316100001,available
0.8671,available
1.051699996,available
1.144999981,available
1.157699943,available
1.191499949,available
1.235299945,available
1.181200027,available
1.222499967,available
1.248100042,available
1.076799989,available
1.000800014,available
0.936500013,available
0.906599998,available
0.904399991,available
0,available
NA,available
0.160699993,available
0.987100005,available
1.483100057,available
1.568899989,available
1.915400028,available
2.098999977,available
2.143899918,available
2.056400061,available
1.841099977,available
1.650699973,available
1.353800058,available
1.083299994,available
1.410899997,available
1.117300034,available
0.79460001,available
0.419499993,available
0.53579998,available
1.252400041,available
1.363399982,available
1.440500021,available
1.232200027,available
1.190000057,available
1.098799944,available
1.109400034,available
1.142500043,available
1.042899966,available
0.905700028,available
0.941999972,available
0.945200026,available
1.08739996,available
1.08739996,available
1.690099955,available
NA,available
NA,available
NA,available
1.101699948,available
1.795799971,available
2.033900023,available
1.950000048,available
1.903699994,available
1.889500022,available
1.61740005,available
1.358299971,available
0.978100002,available
0.82249999,available
0.729499996,available
0.733200014,available
0.545599997,available
0.3222,available
0.169300005,available
0.146200001,available
0.273200005,available
0.273200005,available
NA,available
1.706099987,available
1.567100048,available
1.354200006,available
1.68780005,available
1.904899955,available
2.044699907,available
2.05250001,available
1.836899996,available
2.518100023,available
2.782700062,available
1.862200022,available
1.109300017,available
0.358099997,available
NA,available
NA,available
1.317899942,available
1.218500018,available
1.256299973,available
1.375399947,available
1.521700025,available
1.531399965,available
1.526000023,available
1.575399995,available
1.43659997,available
1.587599993,available
1.829699993,available
1.466199994,available
1.436499953,available
1.270200014,available
NA,available
NA,available
1.306499958,available
1.014000058,available
1.065199971,available
1.118299961,available
1.154000044,available
1.138800025,available
1.057999969,available
0.944899976,available
0.835099995,available
0.825600028,available
1.235999942,available
1.975000024,available
NA,available
NA,available
0.467400014,available
1.07009995,available
0.890200019,available
1.01789999,available
1.01789999,available
1.030400038,available
0.975000024,available
0.959599972,available
0.849300027,available
0.734499991,available
0.843999982,available
0.857200027,available
1.778100014,available
NA,available
NA,available
0.937099993,available
0.927200019,available
1.248200059,available
0.949999988,available
1.0546,available
1.288499951,available
1.40929997,available
1.506000042,available
1.4375,available
1.313699961,available
1.130900025,available
0.854600012,available
1.058899999,available
0.663200021,available
NA,available
3.164400101,available
1.80369997,available
1.407299995,available
1.252699971,available
1.355100036,available
1.476999998,available
1.554299951,available
1.60739994,available
1.613199949,available
1.502500057,available
1.386999965,available
1.126999974,available
1.210899949,available
1.301800013,available
1.030099988,available
0.706399977,available
0.614700019,available
0.044399999,available
NA,available
0.790300012,available
0.52670002,available
0.638400018,available
0.772599995,available
0.829100013,available
0.851700008,available
0.944000006,available
1.025200009,available
0.992999971,available
1.044999957,available
1.235599995,available
2.5697999,available
NA,available
1.063199997,available
1.014000058,available
1.250399947,available
1.485399961,available
1.573099971,available
1.573099971,available
1.616400003,available
1.523200035,available
1.476799965,available
1.341699958,available
1.334400058,available
0.935500026,available
NA,available
0.88440001,available
0.88440001,available
1.19630003,available
0.99879998,available
1.104200006,available
1.429499984,available
1.629899979,available
1.665799975,available
1.78760004,available
1.856099963,available
1.985200047,available
1.851799965,available
2.103499889,available
1.184299946,available
1.574699998,available
1.324599981,available
0.838500023,available
0.398200005,available
NA,available
NA,available
2.26609993,available
1.460700035,available
1.350800037,available
1.296399951,available
1.434599996,available
1.75030005,available
2.122600079,available
2.326200008,available
2.727699995,available
1.784399986,available
1.656599998,available
1.393300056,available
0.514500022,available
0.519400001,available
0.230900005,available
0.275700003,available
0.128700003,available
0.128700003,available
NA,available
0.76910001,available
0.453900009,available
0.493900001,available
0.578000009,available
0.659500003,available
0.734099984,available
0.825699985,available
0.817399979,available
0.829699993,available
0.736999989,available
0.611800015,available
0.659200013,available
0.741900027,available
0.387800008,available
NA,available
NA,available
1.580800056,available
1.716300011,available
1.256199956,available
1.378900051,available
1.360200047,available
1.246600032,available
1.037299991,available
0.891099989,available
0.799300015,available
0.9903,available
0.426200002,available
0.426200002,available
NA,available
0.352699995,available
1.055199981,available
1.413900018,available
1.542199969,available
1.724300027,available
2.159399986,available
2.104500055,available
2.457499981,available
2.223599911,available
1.995100021,available
1.583500028,available
1.656000018,available
1.487100005,available
0.294999987,available
0.294999987,available
NA,available
0.631099999,available
0.638800025,available
0.756500006,available
0.828000009,available
0.985199988,available
1.060400009,available
1.131999969,available
1.253000021,available
1.312999964,available
1.361400008,available
1.396900058,available
1.424499989,available
1.341199994,available
1.121399999,available
1.284500003,available
1.402099967,available
1.402099967,available
NA,available
0.526300013,available
0.658999979,available
0.933899999,available
1.111500025,available
1.198500037,available
1.191900015,available
1.05490005,available
0.883400023,available
0.666899979,available
0.503799975,available
0.426699996,available
0.241899997,available
NA,available
NA,available
0.805000007,available
0.745800018,available
0.777400017,available
0.756900012,available
0.827300012,available
0.836199999,available
0.864499986,available
0.896799982,available
0.893999994,available
0.909099996,available
0.910600007,available
0.811600029,available
0.832000017,available
1.65079999,available
1.65079999,available
NA,available
1.05369997,available
1.019799948,available
1.679399967,available
1.679399967,available
1.824000001,available
1.838500023,available
1.467100024,available
1.476899982,available
1.243299961,available
1.071200013,available
0.747200012,available
0.747200012,available
NA,available
NA,available
NA,available
NA,available
NA,available
NA,available
NA,available
NA,available
NA,available
NA,available
NA,available
NA,available
NA,available
NA,available
NA,available
NA,available
NA,available
NA,available
NA,available
NA,available
NA,available
NA,available
NA,available
NA,available
NA,available
NA,available
NA,available
NA,available
NA,available
NA,available
NA,available
NA,available
NA,available
0.268900007,available
0.77700001,available
0.30219999,available
0.240199998,available
0.298700005,available
NA,available
NA,available
1.343400002,available
1.433699965,available
1.167600036,available
1.167600036,available
1.356400013,available
1.471699953,available
1.528900027,available
1.784399986,available
NA,available
2.170200109,available
2.168400049,available
1.215000033,available
1.121999979,available
1.110800028,available
1.499500036,available
1.268300056,available
1.716699958,available
1.274700046,available
2.151299953,available
NA,available
NA,available
NA,available
NA,available
0.390899986,available
0.443800002,available
0.445600003,available
0.445600003,available
0.801199973,available
1.059700012,available
1.257699966,available
1.442499995,available
1.354400039,available
1.755599976,available
1.68900001,available
1.68900001,available
1.50909996,available
1.409000039,available
1.116999984,available
0.96359998,available
0.232299998,available
NA,available
0.734099984,available
1.128900051,available
1.37409997,available
1.340499997,available
1.363499999,available
0.815800011,available
NA,available
NA,available
NA,available
NA,available
NA,available
NA,available
NA,available
NA,available
1.670600057,available
1.328099966,available
1.688500047,available
1.764500022,available
1.669399977,available
1.414899945,available
1.086699963,available
0.861800015,available
0.76700002,available
0.590300024,available
0.538500011,available
0.476599991,available
0.440899998,available
0.35769999,available
0.146899998,available
0.243000001,available
NA,available
0.861100018,available
0.815800011,available
0.774299979,available
NA,available
NA,available
0.665099978,available
0.515299976,available
1.347000003,available
1.548200011,available
1.536399961,available
1.058300018,available
0.449499995,available
0.314599991,available
0.773299992,available
0.897300005,available
1.173599958,available
1.26760006,available
1.389400005,available
1.406999946,available
1.329599977,available
1.039700031,available
0.405200005,available
NA,available
NA,available
0.196600005,available
0.067900002,available
1.480499983,available
2.165800095,available
2.1947999,available
1.997799993,available
1.927999973,available
1.960100055,available
1.918400049,available
1.708899975,available
1.487300038,available
1.414499998,available
1.338999987,available
1.270200014,available
1.141899943,available
1.113100052,available
1.006999969,available
0.995400012,available
0.995400012,available
0.874499977,available
0.85799998,available
0.088200003,available
0.511600018,available
0.822399974,available
1.40199995,available
1.9921,available
2.300299883,available
2.283600092,available
2.113699913,available
1.786299944,available
1.155400038,available
0.044500001,available
NA,available
NA,available
NA,available
0.29370001,available
0.615400016,available
0.897199988,available
1.184100032,available
1.282600045,available
1.025500059,available
0.452399999,available
NA,available
NA,available
0.351300001,available
1.203699946,available
1.170099974,available
1.167400002,available
1.209800005,available
1.271999955,available
1.382099986,available
1.521999955,available
1.592300057,available
1.572100043,available
1.463099957,available
1.304100037,available
0.964900017,available
NA,available
NA,available
NA,available
NA,available
NA,available
NA,available
NA,available
NA,available
NA,available
NA,available
NA,available
NA,available
NA,available
NA,available
NA,available
NA,available
NA,available
NA,available
NA,available
NA,available
NA,available
NA,available
NA,available
NA,available
NA,available
NA,available
NA,available
NA,available
NA,available
NA,available
NA,available
NA,available
NA,available
NA,available
NA,available
NA,available
NA,available
NA,available
NA,available
NA,available
NA,available
NA,available
NA,available
NA,available
NA,available
NA,available
NA,available
NA,available
NA,available
NA,available
NA,available
NA,available
NA,available
NA,available
0.454100013,available
0.469999999,available
0.539399981,available
0.619099975,available
0.61619997,available
0.709299982,available
0.823499978,available
0.773100019,available
0.779399991,available
0.824599981,available
0.751399994,available
0.523199975,available
0.286500007,available
NA,available
0.472000003,available
NA,available
NA,available
NA,available
NA,available
NA,available
NA,available
NA,available
NA,available
NA,available
NA,available
NA,available
NA,available
NA,available
0.052200001,available
0.296900004,available
0.526899993,available
0.342299998,available
0.899699986,available
0.970000029,available
0.591700017,available
NA,available
NA,available
NA,available
NA,available
NA,available
0.381300002,available
NA,available
NA,available
NA,available
0.0592,available
0.097599998,available
0.089199997,available
0.283600003,available
0.255800009,available
0.291900009,available
0.451599985,available
0.628199995,available
0.681800008,available
0.335000008,available
0.362300009,available
NA,available
0.0037,available
0.0133,available
0.0691,available
0.283199996,available
0.543600023,available
0.737800002,available
0.924199998,available
1.092800021,available
1.266899943,available
1.388599992,available
1.473099947,available
1.460700035,available
1.435799956,available
1.368100047,available
1.284999967,available
1.270799994,available
1.205000043,available
1.194599986,available
0.914600015,available
0.711399972,available
0.591000021,available
0.461499989,available
0.513400018,available
0.48969999,available
0.386400014,available
0.420100003,available
0.450800002,available
0.54430002,available
0.670000017,available
0.746599972,available
NA,available
NA,available
0,available
0,available
0.057300001,available
0.180399999,available
0.083800003,available
0.110299997,available
0.299199998,available
0.638199985,available
0.892700016,available
1.127599955,available
1.329200029,available
1.35529995,available
0.980700016,available
0.225799993,available
0.043000001,available
0.108499996,available
0.306199998,available
0.1294,available
0.229300007,available
0.063600004,available
0.0429,available
NA,available
NA,available
NA,available
NA,available
NA,available
0.036899999,available
0.098499998,available
0.122699998,available
0.107299998,available
0.726899981,available
0.780300021,available
0.624100029,available
NA,available
0.324099988,available
0.433200002,available
0.725799978,available
1.089599967,available
1.352699995,available
1.487200022,available
1.631199956,available
1.66170001,available
1.636399984,available
1.48029995,available
1.231699944,available
0.814499974,available
0.465299994,available
0.219300002,available
0.063699998,available
0.101199999,available
0.069799997,available
0,available
NA,available
0.993200004,available
1.207399964,available
1.012899995,available
1.175799966,available
1.104099989,available
0.94630003,available
1.406999946,available
1.406999946,available
1.9296,available
2.154500008,available
2.154599905,available
2.105600119,available
2.058599949,available
1.957800031,available
1.323500037,available
1.326799989,available
0.745999992,available
0.42719999,available
0.194600001,available
0.858699977,available
1.056699991,available
1.240300059,available
1.421800017,available
1.451500058,available
1.524999976,available
1.518100023,available
1.529099941,available
1.529099941,available
1.491799951,available
1.384799957,available
1.299600005,available
0.639100015,available
0.601899981,available
0.278100014,available
0.278100014,available
0.037500001,available
0.030400001,available
0.071599998,available
0.068599999,available
0.0469,available
0.0131,available
NA,available
NA,available
NA,available
NA,available
NA,available
NA,available
NA,available
NA,available
NA,available
NA,available
NA,available
NA,available
NA,available
NA,available
NA,available
NA,available
NA,available
NA,available
NA,available
NA,available
NA,available
NA,available
NA,available
NA,available
NA,available
NA,available
NA,available
0.058699999,available
0.841700017,available
1.053599954,available
1.124500036,available
1.372200012,available
1.523499966,available
1.484899998,available
1.381399989,available
1.238499999,available
0.656899989,available
0.656899989,available
0.613799989,available
0.737900019,available
0.956499994,available
0.365099996,available
NA,available
NA,available
0.184,available
0.489199996,available
0.606700003,available
0.682200015,available
0.769500017,available
0.966499984,available
1.094400048,available
1.128100038,available
1.150099993,available
1.164600015,available
1.157999992,available
1.027199984,available
0.9005,available
0.793099999,available
0.676500022,available
0.460599989,available
NA,available
0.022299999,available
0.288100004,available
0.497700006,available
1.112300038,available
1.442299962,available
1.632699966,available
1.679200053,available
1.670400023,available
1.544100046,available
1.265599966,available
0.896799982,available
0.433600008,available
0.433600008,available
0.41929999,available
0.100699998,available
0.211700007,available
0.338099986,available
0.511500001,available
0.716300011,available
0.869199991,available
0.898899972,available
0.856100023,available
0.725300014,available
0.556299984,available
0.365999997,available
0.1998,available
0.071099997,available
0.066799998,available
0.144299999,available
0.148900002,available
0.135900006,available
0.135900006,available
NA,available
1.001700044,available
1.513599992,available
1.669700027,available
1.697900057,available
1.663499951,available
1.671800017,available
1.742300034,available
1.728899956,available
1.600999951,available
1.51730001,available
1.462900043,available
1.260499954,available
1.032400012,available
0.520099998,available
0.2465,available
0.0298,available
0.039500002,available
0.039500002,available
NA,available
0.365200013,available
0.664399981,available
0.807500005,available
0.961399972,available
1.026200056,available
1.092100024,available
1.125399947,available
1.156599998,available
1.113499999,available
1.104400039,available
1.071400046,available
1.008100033,available
0.888800025,available
0.888800025,available
0.676400006,available
0.523599982,available
0.396200001,available
0.3671,available
0.189999998,available
0.189999998,available
NA,available
0.288199991,available
0.573599994,available
0.756699979,available
0.927200019,available
0.974099994,available
1.112200022,available
1.179200053,available
1.226500034,available
1.172099948,available
1.077800035,available
0.977299988,available
0.704699993,available
0.55309999,available
0.55309999,available
0.226500005,available
0.059500001,available
0.0241,available
0.161300004,available
NA,available
NA,available
0.251100004,available
0.459500015,available
0.620199978,available
0.771700025,available
0.838699996,available
0.938799977,available
0.875199974,available
0.835399985,available
0.835399985,available
0.794200003,available
0.686999977,available
0.812600017,available
0.92839998,available
1.029600024,available
1.038599968,available
1.048799992,available
1.046599984,available
1.046599984,available
0.953299999,available
0.855799973,available
0.582899988,available
0.416999996,available
0.284099996,available
0.127399996,available
0.620999992,available
0.904999971,available
1.208999991,available
1.208999991,available
1.371099949,available
1.547799945,available
1.551800013,available
1.523100019,available
1.454300046,available
1.211199999,available
0.90140003,available
0.545099974,available
0.190699995,available
NA,available
NA,available
1.182199955,available
0.914499998,available
1.464100003,available
1.623700023,available
1.707399964,available
1.828199983,available
1.835700035,available
1.662700057,available
1.345100045,available
1.011800051,available
0.693599999,available
0.575200021,available
0.405600011,available
0.018300001,available
NA,available
NA,available
NA,available
0.479099989,available
0.643299997,available
1.137699962,available
1.368000031,available
1.511700034,available
1.575099945,available
1.60739994,available
1.522400022,available
1.434100032,available
1.335399985,available
1.206699967,available
0.858399987,available
0.858399987,available
NA,available
0.774200022,available
0.618099988,available
0.330500007,available
0.140300006,available
0.405400008,available
0.627699971,available
0.808899999,available
1.188699961,available
1.319499969,available
1.432399988,available
1.613600016,available
1.636199951,available
1.753700018,available
1.804100037,available
1.696200013,available
1.429499984,available
1.261700034,available
0.402200013,available
0.752699971,available
0.953499973,available
1.123900056,available
1.291300058,available
1.368999958,available
1.381199956,available
1.249899983,available
1.249899983,available
1.157999992,available
1.048799992,available
1.003299952,available
0.922599971,available
0.85860002,available
1.092000008,available
NA,available
0.440699995,available
0.945299983,available
1.1171,available
1.058500052,available
0.769999981,available
0.956900001,available
1.052800059,available
1.087100029,available
1.250399947,available
1.202800035,available
1.150200009,available
1.182399988,available
1.182399988,available
1.146900058,available
0.637600005,available
NA,available
0.530200005,available
0.946399987,available
0.754400015,available
0.911300004,available
1.056499958,available
1.163599968,available
1.163599968,available
1.185400009,available
1.113299966,available
1.058300018,available
0.942799985,available
0.783100009,available
0.614300013,available
0.440600008,available
0.255499989,available
0.318599999,available
NA,available
1.091899991,available
1.163100004,available
1.173599958,available
1.119199991,available
1.167099953,available
1.18690002,available
1.260499954,available
1.136700034,available
1.297299981,available
1.179200053,available
0.968699992,available
0.881299973,available
0.811100006,available
0.577499986,available
0.413300008,available
0.284399986,available
0.209399998,available
0.084600002,available
0.057399999,available
0.019300001,available
NA,available
NA,available
NA,available
0.702700019,available
1.030099988,available
0.825299978,available
0.960099995,available
NA,available
0.736299992,available
1.490200043,available
1.053200006,available
1.015300035,available
0.94599998,available
0.977199972,available
1.089400053,available
1.197000027,available
1.231099963,available
1.232900023,available
1.391899943,available
1.508200049,available
NA,available
0.051800001,available
0.0056,available
NA,available
NA,available
NA,available
0.667800009,available
0.253600001,available
0.332100004,available
0.418199986,available
0.531199992,available
0.647899985,available
0.749800026,available
0.851000011,available
0.905600011,available
0.986500025,available
1.041100025,available
0.953100026,available
0.775699973,available
0.542299986,available
0.414499998,available
0.261700004,available
0.202700004,available
0.263900012,available
NA,available
NA,available
NA,available
1.547000051,available
1.486299992,available
1.576500058,available
1.487800002,available
1.267799973,available
1.173799992,available
1.216199994,available
1.256199956,available
1.412099957,available
1.414700031,available
1.465199947,available
1.220100045,available
1.006299973,available
1.025200009,available
0.945599973,available
0.276600003,available
0.0094,available
1.312299967,available
1.781599998,available
2.117199898,available
2.216200113,available
2.028399944,available
2.028399944,available
2.174000025,available
2.100800037,available
2.164999962,available
2.129600048,available
2.0473001,available
2.017199993,available
1.912999988,available
1.846199989,available
0.722599983,available
0.722599983,available
0.550400019,available
0.550400019,available
1.315299988,available
1.383999944,available
1.501700044,available
1.651200056,available
1.739400029,available
1.785599947,available
1.415199995,available
1.134600043,available
0.872300029,available
0.879599988,available
0.9745,available
NA,available
NA,available
0.326700002,available
0.648899972,available
0.574199975,available
0.672800004,available
0.861599982,available
0.972199976,available
0.972199976,available
1.067399979,available
1.131899953,available
1.185099959,available
1.071200013,available
0.903900027,available
0.844600022,available
0.756399989,available
0.799899995,available
0.862600029,available
0.822000027,available
0.822000027,available
3.671799898,available
1.74000001,available
1.48300004,available
1.648000002,available
1.701599956,available
1.741000056,available
1.799000025,available
1.697700024,available
1.431699991,available
1.217700005,available
1.063500047,available
0.942200005,available
0.351799995,available
0.351799995,available
0.863799989,available
0.680199981,available
0.885500014,available
0.88319999,available
0.706200004,available
0.693400025,available
0.724399984,available
0.798900008,available
0.905200005,available
0.993499994,available
1.051900029,available
1.09860003,available
1.145799994,available
1.101500034,available
1.15199995,available
0.978399992,available
0.978399992,available
0.971700013,available
1.028599977,available
1.065999985,available
1.100399971,available
1.100399971,available
1.169999957,available
1.073899984,available
0.973200023,available
0.867999971,available
0.658599973,available
0.501100004,available
0.702700019,available
0.451999992,available
0.221300006,available
0.395000011,available
0.781700015,available
0.658800006,available
0.770399988,available
0.912100017,available
0.51849997,available
0.288300008,available
0.382400006,available
0.682900012,available
0.811100006,available
0.922500014,available
1.057199955,available
1.183599949,available
1.151499987,available
1.087599993,available
1.115700006,available
1.003299952,available
0.888899982,available
0.7324,available
0.636900008,available
NA,available
1.504699945,available
0.657599986,available
0.49849999,available
0.613900006,available
0.692099988,available
0.766900003,available
0.815400004,available
0.882600009,available
0.931100011,available
0.962199986,available
0.966600001,available
0.938300014,available
0.939400017,available
0.963500023,available
0.907599986,available
0.878700018,available
0.815699995,available
0.652400017,available
0.712700009,available
0.967999995,available
NA,available
0.171000004,available
0.655200005,available
0.523899972,available
0.374799997,available
0.328999996,available
0.302100003,available
0.302300006,available
0.342299998,available
0.54610002,available
0.618900001,available
NA,available
NA,available
NA,available
NA,available
NA,available
NA,available
NA,available
NA,available
NA,available
0.559000015,available
1.469200015,available
1.835700035,available
1.657199979,available
1.577499986,available
1.535699964,available
1.45449996,available
1.272600055,available
1.08829999,available
0.896099985,available
0.522099972,available
0.163599998,available
0.105099998,available
0.0147,available
0.0142,available
2.362299919,available
0.874899983,available
1.091099977,available
1.224900007,available
1.324900031,available
1.419399977,available
1.453199983,available
1.345399976,available
1.259600043,available
1.14289999,available
1.094300032,available
1.044199944,available
0.997099996,available
0.734000027,available
0.734000027,available
0.361699998,available
0.638899982,available
0.586499989,available
0.586499989,available
0.622600019,available
0.584599972,available
0.619899988,available
0.780200005,available
1.069700003,available
1.622599959,available
1.456400037,available
1.305899978,available
1.18659997,available
0.888599992,available
0.96509999,available
0.735300004,available
NA,available
NA,available
NA,available
NA,available
NA,available
0.0059,available
0.106299996,available
0.075000003,available
0.030999999,available
NA,available
NA,available
0.518700004,available
0.368800014,available
NA,available
NA,available
NA,available
NA,available
1.287799954,available
1.452499986,available
1.290699959,available
1.698400021,available
2.126199961,available
2.126199961,available
2.580300093,available
1.708400011,available
1.124600053,available
0.841899991,available
0.969600022,available
1.282500029,available
1.396999955,available
1.615399957,available
0.608799994,available
NA,available
1.221400023,available
0.674399972,available
0.822799981,available
0.901899993,available
1.04550004,available
1.09800005,available
1.054299951,available
1.054299951,available
0.887099981,available
0.724600017,available
0.619199991,available
0.553900003,available
0.599099994,available
0.653500021,available
0.787800014,available
1.231999993,available
0.810199976,available
NA,available
1.088500023,available
0.933700025,available
0.975300014,available
0.961799979,available
0.910700023,available
0.9296,available
0.987100005,available
1.046800017,available
1.096400023,available
1.16929996,available
1.108899951,available
0.922299981,available
0.96450001,available
NA,available
NA,available
0.518400013,available
0.499900013,available
0.576200008,available
0.657700002,available
0.722199976,available
0.825600028,available
0.891700029,available
0.935500026,available
0.933099985,available
0.984200001,available
0.981599987,available
0.981599987,available
1.63349998,available
NA,available
NA,available
NA,available
2.414099932,available
1.516100049,available
1.612499952,available
1.6329,available
1.607900023,available
1.782699943,available
2.040100098,available
2.437900066,available
1.876999974,available
1.298400044,available
0.887700021,available
0.569400012,available
0.7579,available
0.333799988,available
0.333799988,available
1.119799972,available
0.911199987,available
0.833700001,available
0.905499995,available
0.880299985,available
0.8477,available
0.793299973,available
0.810699999,available
1.067800045,available
1.067800045,available
1.379199982,available
1.161399961,available
0.998700023,available
0.996399999,available
1.747400045,available
NA,available
NA,available
NA,available
0.48300001,available
1.15929997,available
0.988200009,available
1.047899961,available
1.060199976,available
1.060199976,available
1.024199963,available
0.9102,available
0.801500022,available
0.660000026,available
0.584599972,available
0.626100004,available
0.626100004,available
0.736999989,available
0.346899986,available
0.346899986,available
0.709100008,available
0.744799972,available
0.729499996,available
0.819899976,available
0.923600018,available
1.005699992,available
1.088799953,available
1.141100049,available
1.144099951,available
1.093700051,available
0.98269999,available
0.878099978,available
0.789300025,available
0.611000001,available
0.618499994,available
0.618499994,available
0.435000002,available
NA,available
0.450899988,available
0.889999986,available
1.093299985,available
1.211699963,available
1.235299945,available
1.320899963,available
1.386500001,available
1.239400029,available
1.239400029,available
1.301100016,available
1.396700025,available
1.373100042,available
1.397600055,available
1.505300045,available
0.680400014,available
0.680400014,available
0.687699974,available
0.687699974,available
0.734600008,available
0.769599974,available
0.827000022,available
0.953999996,available
1.033100009,available
1.072299957,available
1.030400038,available
1.033400059,available
1.099099994,available
1.06099999,available
1.083600044,available
0.95480001,available
1.264400005,available
NA,available
NA,available
NA,available
NA,available
1.225200057,available
1.117300034,available
1.134299994,available
1.135499954,available
1.131700039,available
1.076799989,available
0.981299996,available
0.861999989,available
0.712899983,available
0.570500016,available
0.461100012,available
0.531000018,available
0.191699997,available
NA,available
NA,available
1.27760005,available
0.637399971,available
0.486099988,available
0.512700021,available
0.567399979,available
0.597100019,available
0.692700028,available
0.782899976,available
0.868499994,available
0.93690002,available
0.926199973,available
0.887499988,available
0.931100011,available
1.045400023,available
1.802999973,available
NA,available
NA,available
0.861899972,available
0.645600021,available
0.645600021,available
0.708800018,available
0.830900013,available
0.885900021,available
0.926199973,available
0.949199975,available
0.889199972,available
0.888700008,available
0.822700024,available
0.737200022,available
0.598200023,available
0.391900003,available
0.391900003,available
NA,available
0.100199997,available
0.79430002,available
0.79430002,available
1.609599948,available
1.548599958,available
1.331599951,available
1.495300055,available
1.495300055,available
1.595100045,available
1.588500023,available
1.502400041,available
1.344699979,available
1.256700039,available
1.2227,available
1.061100006,available
1.041599989,available
0.57249999,available
0.57249999,available
NA,available
0.388500005,available
0.687300026,available
0.771499991,available
0.853200018,available
0.892199993,available
0.932200015,available
0.969500005,available
0.952499986,available
0.900699973,available
0.891300023,available
0.824800014,available
0.762899995,available
0.935000002,available
0.935000002,available
NA,available
0.610899985,available
0.818300009,available
0.651199996,available
0.678799987,available
0.637499988,available
0.688899994,available
0.688899994,available
0.758400023,available
0.806100011,available
0.806100011,available
0.800499976,available
0.85860002,available
0.860700011,available
0.860700011,available
0.635900021,available
0.281800002,available
0.025599999,available
0.027100001,available
1.878700018,available
0.766200006,available
1.171300054,available
1.011399984,available
0.702899992,available
1.236700058,available
NA,available
NA,available
NA,available
NA,available
NA,available
NA,available
NA,available
NA,available
NA,available
NA,available
NA,available
NA,available
NA,available
NA,available
2.794800043,available
1.136600018,available
1.239599943,available
1.077299953,available
0.986199975,available
0.885399997,available
0.760699987,available
0.786800027,available
0.772599995,available
0.771499991,available
0.768700004,available
0.758400023,available
1.738800049,available
1.738800049,available
NA,available
0.021,available
0.262400001,available
0.469000012,available
0.635699987,available
0.644999981,available
0.760900021,available
0.967400014,available
1.162299991,available
1.2227,available
1.162199974,available
1.229200006,available
1.191900015,available
1.120599985,available
1.05309999,available
0.906000018,available
0.766499996,available
0.950900018,available
0.268999994,available
0.268999994,available
NA,available
1.08889997,available
0.598699987,available
0.667900026,available
0.782500029,available
0.831799984,available
0.877300024,available
0.897499979,available
0.834900022,available
0.823099971,available
0.836600006,available
0.753799975,available
0.640399992,available
0.753300011,available
0.997900009,available
2.664000034,available
0.025,use
-0.018,use
0.222,use
-0.001,use
0.7,use
0.031,use
0.191,use
0.759,use
0.184,use
0.018,use
0.059,use
0.14,use
0.289,use
0.327,use
0.535,use
-0.015,use
0.065,use
0.018,use
0.073,use
0.615,use
0.174,use
0.051,use
0.033,use
0.246,use
0.005,use
0.104,use
0.262,use
0.214,use
0.582,use
0.189,use
0.615,use
0.006,use
0.067,use
0.528,use
-0.058,use
0.013,use
0.075,use
0.148,use
0.127,use
0.039,use
0.226,use
-0.023,use
0.243,use
0.062,use
0.02,use
0.029,use
0.161,use
